0,36,92.0
0,111,8.0
0,65,82.0
0,25,72.0
0,150,11.0
0,41,3.0
0,44,79.0
0,92,79.0
0,71,23.0
0,30,8.0
0,21,35.0
0,82,38.0
0,124,71.0
0,157,49.0
0,46,99.0
0,99,64.0
0,4,12.0
0,243,64.0
0,132,86.0
0,50,99.0
0,204,55.0
0,182,25.0
0,215,67.0
0,107,72.0
0,88,83.0
0,16,83.0
0,26,64.0
0,113,0.0
0,79,47.0
0,11,21.0
0,220,79.0
0,90,6.0
0,14,51.0
0,77,43.0
0,96,67.0
0,212,87.0
0,127,52.0
0,240,3.0
0,184,13.0
0,137,82.0
0,23,41.0
0,202,4.0
0,54,59.0
0,37,43.0
0,58,92.0
0,179,82.0
0,187,75.0
0,163,78.0
0,193,3.0
0,197,12.0
0,48,54.0
0,211,83.0
0,87,14.0
0,40,77.0
0,32,98.0
0,133,69.0
0,236,69.0
0,42,70.0
0,19,27.0
0,175,2.0
0,250,83.0
0,165,23.0
0,209,24.0
0,112,33.0
0,217,40.0
0,49,75.0
0,237,60.0
0,168,63.0
0,72,34.0
0,123,50.0
1,80,31.0
1,175,23.0
1,122,9.0
1,239,73.0
1,135,61.0
1,137,89.0
1,200,21.0
1,31,64.0
1,190,11.0
1,161,42.0
1,202,99.0
1,209,8.0
1,88,80.0
1,26,30.0
1,157,14.0
1,159,14.0
1,37,7.0
1,126,43.0
1,134,78.0
1,28,10.0
1,233,26.0
1,103,90.0
1,113,18.0
1,147,64.0
1,158,69.0
1,127,5.0
1,39,29.0
1,243,21.0
1,168,44.0
1,109,70.0
1,35,0.0
1,152,61.0
1,71,9.0
1,98,29.0
1,143,57.0
1,85,69.0
1,22,3.0
1,18,15.0
1,235,11.0
1,23,59.0
1,6,3.0
1,19,86.0
1,238,38.0
1,154,20.0
1,12,69.0
1,20,16.0
1,63,91.0
1,185,77.0
1,65,11.0
1,220,5.0
1,187,43.0
1,247,27.0
1,15,84.0
1,131,51.0
1,229,66.0
1,115,59.0
1,237,50.0
1,224,81.0
1,54,91.0
1,87,55.0
1,232,76.0
1,133,5.0
1,46,52.0
1,123,16.0
1,8,12.0
1,228,62.0
1,1,25.0
1,136,29.0
1,219,61.0
1,41,50.0
1,149,84.0
2,13,26.0
2,31,74.0
2,70,82.0
2,55,70.0
2,29,30.0
2,46,94.0
2,248,71.0
2,172,5.0
2,176,37.0
2,178,91.0
2,132,47.0
2,118,87.0
2,22,73.0
2,208,94.0
2,154,79.0
2,146,35.0
2,200,32.0
2,51,26.0
2,95,10.0
2,152,69.0
2,245,82.0
2,130,99.0
2,124,13.0
2,203,4.0
2,4,91.0
2,222,55.0
2,198,20.0
2,171,98.0
2,35,54.0
2,157,67.0
2,235,15.0
2,250,47.0
2,128,58.0
2,88,59.0
2,209,1.0
2,42,74.0
2,237,18.0
2,182,82.0
2,18,17.0
2,217,72.0
2,86,65.0
2,129,9.0
2,53,22.0
2,163,11.0
2,75,84.0
2,89,26.0
2,199,52.0
2,239,26.0
2,127,96.0
2,190,65.0
2,149,29.0
2,231,60.0
2,44,73.0
2,210,98.0
2,104,57.0
2,97,6.0
2,83,81.0
2,204,59.0
2,65,15.0
2,141,32.0
2,164,33.0
2,84,7.0
2,162,58.0
2,115,45.0
2,91,97.0
2,74,66.0
2,153,83.0
2,243,74.0
2,193,23.0
2,77,85.0
2,249,62.0
2,108,53.0
2,27,20.0
2,229,78.0
2,25,71.0
2,180,50.0
2,60,60.0
2,216,42.0
2,15,3.0
2,10,36.0
2,139,5.0
2,32,57.0
2,64,82.0
2,71,10.0
2,155,27.0
2,1,23.0
2,218,34.0
2,140,73.0
2,135,36.0
3,225,58.0
3,23,61.0
3,75,47.0
3,158,40.0
3,162,28.0
3,197,73.0
3,245,38.0
3,164,8.0
3,37,18.0
3,79,30.0
3,249,48.0
3,149,49.0
3,31,39.0
3,180,69.0
3,203,55.0
3,211,88.0
3,151,17.0
3,73,81.0
3,9,44.0
3,51,96.0
3,39,4.0
3,55,96.0
3,40,92.0
3,171,84.0
3,94,78.0
3,239,63.0
3,100,71.0
3,50,24.0
3,238,48.0
3,187,22.0
3,137,54.0
3,85,88.0
3,88,6.0
3,70,40.0
3,20,56.0
3,12,22.0
3,157,50.0
3,21,15.0
3,181,7.0
3,13,7.0
3,156,90.0
3,91,97.0
3,142,96.0
3,16,3.0
3,105,67.0
3,132,95.0
3,133,70.0
3,2,91.0
3,71,12.0
3,69,34.0
3,32,76.0
3,28,24.0
3,6,6.0
3,87,13.0
3,200,80.0
3,89,97.0
3,95,77.0
3,66,24.0
3,1,77.0
3,195,57.0
3,176,13.0
3,61,96.0
3,208,38.0
3,131,79.0
3,230,87.0
3,42,38.0
3,82,36.0
3,191,51.0
3,136,26.0
3,138,91.0
3,236,36.0
3,103,7.0
3,109,76.0
3,198,24.0
3,49,56.0
3,159,14.0
3,190,45.0
3,228,15.0
3,231,74.0
3,207,59.0
3,86,61.0
3,107,69.0
3,168,60.0
3,145,36.0
3,65,79.0
3,185,29.0
3,36,80.0
3,125,1.0
3,212,57.0
3,111,72.0
3,53,83.0
3,35,97.0
3,92,68.0
3,7,62.0
3,52,12.0
3,152,21.0
3,167,14.0
3,183,75.0
4,70,66.0
4,66,47.0
4,89,35.0
4,122,51.0
4,83,37.0
4,9,44.0
4,126,87.0
4,49,57.0
4,78,68.0
4,235,95.0
4,138,33.0
4,249,22.0
4,137,98.0
4,159,81.0
4,118,99.0
4,150,99.0
4,241,1.0
4,177,29.0
4,7,4.0
4,243,88.0
4,203,39.0
4,236,19.0
4,224,99.0
4,210,24.0
4,5,19.0
4,84,73.0
4,51,80.0
4,123,31.0
4,136,7.0
4,216,4.0
4,41,89.0
4,65,5.0
4,242,43.0
4,28,29.0
4,196,68.0
4,166,86.0
4,248,5.0
4,80,33.0
4,18,40.0
4,22,55.0
4,21,20.0
4,117,73.0
4,173,41.0
4,99,18.0
4,124,60.0
4,164,11.0
4,128,51.0
4,207,73.0
4,140,0.0
4,191,71.0
4,214,62.0
4,35,19.0
4,208,25.0
4,134,39.0
4,226,21.0
4,179,24.0
4,109,14.0
4,44,73.0
4,234,89.0
4,63,11.0
4,13,76.0
4,169,41.0
4,218,98.0
4,27,26.0
4,69,58.0
4,223,73.0
4,42,27.0
4,178,33.0
4,157,74.0
4,40,7.0
4,97,14.0
5,144,55.0
5,166,12.0
5,51,64.0
5,241,90.0
5,119,31.0
5,170,66.0
5,99,16.0
5,49,34.0
5,230,4.0
5,205,42.0
5,124,33.0
5,192,13.0
5,107,9.0
5,136,12.0
5,1,23.0
5,244,34.0
5,59,5.0
5,142,57.0
5,186,27.0
5,214,82.0
5,110,2.0
5,60,0.0
5,185,57.0
5,238,10.0
5,95,5.0
5,13,22.0
5,79,20.0
5,197,91.0
5,243,74.0
5,50,77.0
5,148,32.0
5,145,4.0
5,189,58.0
5,89,92.0
5,209,99.0
5,222,30.0
5,184,36.0
5,68,40.0
5,81,52.0
5,204,4.0
5,80,21.0
5,100,48.0
5,16,40.0
5,122,21.0
5,152,75.0
5,63,93.0
5,76,45.0
5,174,30.0
5,162,54.0
5,159,52.0
5,175,81.0
5,143,11.0
5,6,51.0
5,46,71.0
5,127,40.0
5,21,80.0
5,7,51.0
5,33,64.0
5,123,96.0
5,172,47.0
5,97,55.0
5,9,49.0
5,15,78.0
5,115,78.0
5,221,17.0
5,11,43.0
5,19,20.0
6,26,16.0
6,2,3.0
6,225,24.0
6,139,6.0
6,174,20.0
6,150,40.0
6,7,15.0
6,81,21.0
6,170,1.0
6,58,26.0
6,110,52.0
6,83,55.0
6,191,99.0
6,204,5.0
6,211,31.0
6,123,76.0
6,120,89.0
6,143,19.0
6,44,92.0
6,1,89.0
6,63,69.0
6,53,72.0
6,10,13.0
6,52,26.0
6,141,26.0
6,169,11.0
6,98,65.0
6,192,80.0
6,132,86.0
6,148,41.0
6,23,34.0
6,228,76.0
6,231,56.0
6,79,54.0
6,93,50.0
6,209,98.0
6,89,86.0
6,157,73.0
6,90,83.0
6,56,78.0
6,179,61.0
6,31,80.0
6,156,64.0
6,219,34.0
6,236,25.0
6,218,83.0
6,103,29.0
6,114,30.0
6,202,89.0
6,65,94.0
6,9,78.0
6,210,54.0
6,138,51.0
6,232,60.0
6,173,71.0
6,48,41.0
6,166,79.0
6,85,83.0
6,190,43.0
6,244,94.0
6,195,69.0
6,223,6.0
6,41,26.0
6,96,85.0
6,125,57.0
6,70,4.0
6,137,97.0
6,35,21.0
6,246,53.0
6,159,82.0
6,165,19.0
7,54,9.0
7,161,73.0
7,23,25.0
7,15,86.0
7,147,18.0
7,159,1.0
7,217,80.0
7,243,32.0
7,102,60.0
7,45,24.0
7,242,95.0
7,228,73.0
7,154,97.0
7,115,23.0
7,118,65.0
7,56,68.0
7,237,63.0
7,167,92.0
7,25,55.0
7,70,69.0
7,7,63.0
7,69,31.0
7,95,0.0
7,128,77.0
7,213,35.0
7,113,62.0
7,166,90.0
7,68,76.0
7,122,46.0
7,189,18.0
7,120,87.0
7,49,80.0
7,105,44.0
7,203,33.0
7,20,36.0
7,153,93.0
7,47,45.0
7,98,48.0
7,165,93.0
7,73,62.0
7,193,18.0
7,250,43.0
7,221,38.0
7,198,60.0
7,205,73.0
7,172,84.0
7,11,86.0
7,235,46.0
7,35,26.0
7,129,81.0
7,92,45.0
7,185,47.0
7,132,19.0
7,208,37.0
7,77,13.0
7,3,92.0
7,231,92.0
7,111,35.0
7,155,25.0
7,31,40.0
7,211,4.0
7,48,38.0
7,21,0.0
7,249,37.0
8,158,18.0
8,174,34.0
8,71,92.0
8,171,85.0
8,194,44.0
8,100,78.0
8,65,23.0
8,197,21.0
8,184,87.0
8,235,26.0
8,9,84.0
8,250,27.0
8,185,96.0
8,204,17.0
8,195,54.0
8,76,1.0
8,202,69.0
8,73,44.0
8,209,90.0
8,143,95.0
8,219,98.0
8,189,8.0
8,155,73.0
8,241,51.0
8,228,99.0
8,223,67.0
8,167,44.0
8,4,57.0
8,161,11.0
8,42,1.0
8,16,78.0
8,207,96.0
8,17,74.0
8,2,81.0
8,108,21.0
8,37,21.0
8,49,13.0
8,111,0.0
8,208,40.0
8,164,53.0
8,19,35.0
8,33,19.0
8,48,55.0
8,61,24.0
8,44,0.0
8,66,87.0
8,190,9.0
8,90,98.0
8,156,6.0
8,6,82.0
8,192,16.0
8,196,66.0
8,124,35.0
8,5,17.0
8,106,23.0
8,38,1.0
8,77,68.0
8,179,66.0
8,113,94.0
8,129,86.0
8,234,95.0
8,242,70.0
9,64,66.0
9,17,33.0
9,34,97.0
9,74,59.0
9,68,99.0
9,248,24.0
9,45,34.0
9,250,21.0
9,20,0.0
9,87,71.0
9,85,70.0
9,113,42.0
9,108,97.0
9,23,55.0
9,41,73.0
9,114,2.0
9,223,10.0
9,226,29.0
9,146,0.0
9,84,40.0
9,86,67.0
9,122,92.0
9,174,39.0
9,63,66.0
9,38,19.0
9,124,86.0
9,89,15.0
9,196,65.0
9,190,61.0
9,66,79.0
9,177,40.0
9,194,14.0
9,72,75.0
9,185,90.0
9,12,98.0
9,164,55.0
9,191,92.0
9,211,54.0
9,175,95.0
9,169,11.0
9,221,40.0
9,106,21.0
9,27,98.0
9,9,81.0
9,217,90.0
9,152,92.0
9,77,72.0
9,243,78.0
9,125,53.0
9,69,62.0
9,28,4.0
9,36,16.0
9,138,77.0
9,172,15.0
9,48,4.0
9,99,71.0
9,13,1.0
9,159,74.0
9,192,76.0
9,239,64.0
9,4,63.0
9,73,94.0
9,238,35.0
9,208,45.0
9,97,73.0
9,197,58.0
9,134,46.0
9,215,89.0
9,222,53.0
9,141,68.0
9,236,9.0
9,25,74.0
9,119,38.0
9,42,42.0
9,157,99.0
9,156,83.0
10,68,25.0
10,205,52.0
10,110,11.0
10,38,34.0
10,182,39.0
10,178,92.0
10,233,18.0
10,125,50.0
10,127,48.0
10,66,4.0
10,96,97.0
10,114,55.0
10,67,76.0
10,148,33.0
10,135,48.0
10,153,84.0
10,245,26.0
10,210,39.0
10,174,21.0
10,170,9.0
10,156,6.0
10,220,66.0
10,218,80.0
10,128,16.0
10,7,23.0
10,130,1.0
10,48,24.0
10,134,67.0
10,224,40.0
10,208,41.0
10,83,46.0
10,95,16.0
10,154,3.0
10,27,92.0
10,98,29.0
10,212,57.0
10,185,60.0
10,165,91.0
10,186,48.0
10,72,35.0
10,246,33.0
10,168,84.0
10,249,18.0
10,74,35.0
10,53,57.0
10,235,31.0
10,120,81.0
10,221,22.0
10,123,26.0
10,29,97.0
10,106,35.0
10,93,10.0
10,13,74.0
10,80,10.0
10,1,99.0
10,43,84.0
10,19,43.0
10,104,9.0
10,150,45.0
10,32,49.0
10,198,75.0
10,108,76.0
10,103,27.0
10,36,17.0
10,59,61.0
10,10,26.0
10,88,13.0
10,180,86.0
10,21,36.0
10,6,2.0
10,115,69.0
11,186,78.0
11,88,25.0
11,139,31.0
11,123,46.0
11,3,97.0
11,235,62.0
11,63,86.0
11,191,94.0
11,77,1.0
11,85,0.0
11,52,12.0
11,200,61.0
11,183,59.0
11,216,36.0
11,46,2.0
11,8,67.0
11,93,60.0
11,140,59.0
11,107,6.0
11,151,2.0
11,126,33.0
11,2,68.0
11,201,55.0
11,22,3.0
11,169,8.0
11,180,26.0
11,138,75.0
11,124,68.0
11,249,10.0
11,217,57.0
11,113,69.0
11,96,85.0
11,24,7.0
11,39,62.0
11,148,73.0
11,62,5.0
11,232,57.0
11,78,42.0
11,102,78.0
11,152,6.0
11,187,82.0
11,103,49.0
11,33,98.0
11,58,9.0
11,227,72.0
11,156,37.0
11,6,87.0
11,15,29.0
11,60,56.0
11,73,56.0
11,171,64.0
11,54,58.0
11,41,47.0
11,111,51.0
11,30,84.0
11,84,40.0
11,1,6.0
11,45,87.0
11,248,28.0
11,154,31.0
11,195,97.0
11,104,85.0
11,166,68.0
11,12,58.0
11,99,34.0
11,160,47.0
11,70,46.0
11,207,51.0
11,153,1.0
11,230,42.0
11,67,97.0
11,242,13.0
11,211,96.0
11,203,3.0
12,174,45.0
12,163,35.0
12,243,67.0
12,178,18.0
12,130,33.0
12,207,65.0
12,170,99.0
12,8,19.0
12,38,66.0
12,46,82.0
12,74,22.0
12,100,90.0
12,233,12.0
12,101,8.0
12,247,67.0
12,143,28.0
12,239,31.0
12,114,73.0
12,215,57.0
12,192,61.0
12,88,43.0
12,71,72.0
12,138,85.0
12,111,97.0
12,148,11.0
12,60,22.0
12,11,55.0
12,47,4.0
12,201,79.0
12,139,57.0
12,91,80.0
12,141,22.0
12,3,35.0
12,132,64.0
12,185,92.0
12,180,38.0
12,102,13.0
12,250,50.0
12,164,95.0
12,77,59.0
12,93,13.0
12,179,94.0
12,35,39.0
12,51,88.0
12,116,85.0
12,144,71.0
12,126,13.0
12,171,15.0
12,70,52.0
12,21,97.0
12,39,61.0
12,159,85.0
12,184,74.0
12,176,32.0
12,212,46.0
12,53,25.0
12,1,69.0
12,69,31.0
12,221,90.0
12,198,17.0
12,237,90.0
12,31,5.0
12,34,99.0
12,154,84.0
12,175,22.0
12,2,55.0
12,81,52.0
12,24,19.0
12,109,7.0
12,23,46.0
12,9,66.0
12,172,84.0
12,61,30.0
12,78,76.0
12,42,25.0
12,155,54.0
12,67,70.0
12,196,83.0
12,12,28.0
13,199,9.0
13,176,71.0
13,123,89.0
13,230,72.0
13,78,72.0
13,25,36.0
13,12,68.0
13,141,76.0
13,154,22.0
13,171,54.0
13,227,94.0
13,135,85.0
13,106,18.0
13,11,19.0
13,45,49.0
13,32,67.0
13,147,94.0
13,75,29.0
13,112,17.0
13,142,65.0
13,90,10.0
13,77,62.0
13,169,4.0
13,167,59.0
13,85,67.0
13,228,53.0
13,137,65.0
13,190,82.0
13,101,23.0
13,42,31.0
13,143,76.0
13,24,79.0
13,200,26.0
13,180,56.0
13,234,24.0
13,3,59.0
13,87,38.0
13,4,25.0
13,49,9.0
13,117,33.0
13,250,54.0
13,186,67.0
13,212,80.0
13,214,99.0
13,94,70.0
13,162,78.0
13,218,17.0
13,208,39.0
13,213,30.0
13,219,94.0
13,168,29.0
13,131,37.0
13,161,75.0
13,99,67.0
13,132,31.0
13,197,61.0
13,178,3.0
13,153,51.0
13,196,12.0
13,183,76.0
13,18,8.0
13,240,51.0
13,102,61.0
13,195,18.0
13,58,35.0
13,16,64.0
13,8,55.0
13,103,52.0
13,165,5.0
13,108,2.0
13,1,43.0
13,39,1.0
14,205,39.0
14,178,13.0
14,233,1.0
14,210,42.0
14,22,12.0
14,63,46.0
14,152,20.0
14,162,85.0
14,26,80.0
14,159,33.0
14,80,40.0
14,204,46.0
14,55,63.0
14,234,66.0
14,2,37.0
14,119,31.0
14,136,58.0
14,60,17.0
14,128,77.0
14,135,20.0
14,66,95.0
14,171,0.0
14,241,41.0
14,69,14.0
14,184,92.0
14,208,95.0
14,31,94.0
14,222,2.0
14,227,68.0
14,157,73.0
14,130,13.0
14,124,44.0
14,188,11.0
14,139,54.0
14,49,28.0
14,33,27.0
14,83,57.0
14,206,26.0
14,13,19.0
14,230,48.0
14,57,94.0
14,75,9.0
14,245,52.0
14,113,63.0
14,23,6.0
14,199,66.0
14,122,13.0
14,214,96.0
14,166,24.0
14,212,81.0
14,46,95.0
14,85,37.0
14,207,7.0
14,34,62.0
14,169,54.0
14,172,66.0
14,201,98.0
14,176,76.0
14,244,80.0
14,112,55.0
14,15,23.0
14,110,38.0
15,72,18.0
15,74,95.0
15,84,86.0
15,80,60.0
15,171,64.0
15,91,93.0
15,42,90.0
15,71,88.0
15,178,43.0
15,244,71.0
15,9,54.0
15,93,32.0
15,228,57.0
15,111,66.0
15,66,47.0
15,194,38.0
15,1,33.0
15,182,10.0
15,201,85.0
15,23,58.0
15,225,69.0
15,199,64.0
15,137,47.0
15,118,81.0
15,30,23.0
15,165,93.0
15,130,49.0
15,6,69.0
15,89,10.0
15,122,31.0
15,49,26.0
15,58,19.0
15,56,58.0
15,116,38.0
15,115,23.0
15,208,55.0
15,97,59.0
15,90,15.0
15,75,81.0
15,53,55.0
15,33,51.0
15,177,32.0
15,69,66.0
15,35,62.0
15,224,67.0
15,62,82.0
15,119,84.0
15,192,4.0
15,144,87.0
15,32,10.0
15,187,57.0
15,195,64.0
15,16,16.0
15,186,46.0
15,203,45.0
15,149,68.0
15,8,41.0
15,164,33.0
15,29,18.0
15,141,42.0
15,221,44.0
15,193,47.0
15,48,83.0
15,153,34.0
15,189,97.0
15,44,99.0
15,20,93.0
15,168,66.0
15,110,48.0
15,10,85.0
15,70,35.0
15,184,46.0
15,152,55.0
15,210,33.0
15,98,18.0
15,214,75.0
15,25,66.0
15,5,44.0
15,102,24.0
15,85,59.0
15,14,56.0
15,88,90.0
15,126,53.0
15,12,39.0
15,249,36.0
15,104,39.0
15,239,0.0
15,169,84.0
15,136,66.0
15,108,63.0
15,134,54.0
15,216,23.0
15,11,97.0
16,179,96.0
16,104,11.0
16,240,30.0
16,103,76.0
16,173,42.0
16,210,21.0
16,108,78.0
16,192,32.0
16,123,63.0
16,217,30.0
16,47,10.0
16,122,90.0
16,83,61.0
16,121,95.0
16,44,37.0
16,170,74.0
16,191,44.0
16,222,18.0
16,6,58.0
16,116,79.0
16,20,37.0
16,182,71.0
16,5,86.0
16,14,1.0
16,167,9.0
16,236,44.0
16,26,28.0
16,59,51.0
16,69,42.0
16,140,78.0
16,119,38.0
16,17,57.0
16,111,23.0
16,224,13.0
16,164,77.0
16,10,58.0
16,117,63.0
16,247,40.0
16,110,3.0
16,169,62.0
16,58,74.0
16,137,58.0
16,37,96.0
16,159,52.0
16,126,11.0
16,34,27.0
16,13,76.0
16,216,42.0
16,68,26.0
16,80,71.0
16,197,93.0
16,55,5.0
16,151,44.0
16,208,93.0
16,114,26.0
16,51,87.0
16,72,53.0
16,100,24.0
16,50,48.0
16,88,9.0
16,200,25.0
16,65,46.0
16,231,0.0
16,157,44.0
16,194,96.0
16,180,66.0
16,245,86.0
16,53,97.0
16,77,92.0
16,1,83.0
16,204,92.0
16,89,66.0
16,78,72.0
16,42,61.0
16,131,28.0
16,66,66.0
16,212,91.0
16,174,24.0
16,15,61.0
16,36,6.0
16,33,44.0
16,57,99.0
16,190,88.0
16,193,26.0
17,121,84.0
17,165,63.0
17,146,31.0
17,154,47.0
17,83,45.0
17,45,10.0
17,243,36.0
17,132,66.0
17,200,50.0
17,79,28.0
17,97,9.0
17,35,41.0
17,238,60.0
17,87,90.0
17,4,25.0
17,244,20.0
17,68,18.0
17,95,16.0
17,190,45.0
17,133,80.0
17,46,84.0
17,67,29.0
17,89,23.0
17,38,43.0
17,197,85.0
17,107,24.0
17,248,34.0
17,41,32.0
17,72,98.0
17,193,74.0
17,218,70.0
17,24,97.0
17,102,81.0
17,138,52.0
17,159,66.0
17,77,28.0
17,99,28.0
17,222,56.0
17,226,15.0
17,128,17.0
17,114,22.0
17,55,46.0
17,207,96.0
17,111,65.0
17,43,1.0
17,148,6.0
17,86,37.0
17,242,68.0
17,129,42.0
17,101,8.0
17,93,72.0
17,124,2.0
17,2,67.0
17,22,36.0
17,155,35.0
17,6,54.0
17,144,70.0
17,100,93.0
17,176,28.0
17,52,9.0
17,27,50.0
17,130,84.0
17,189,30.0
17,117,8.0
17,208,34.0
17,192,15.0
17,167,36.0
17,233,11.0
17,136,97.0
17,219,60.0
17,113,44.0
17,30,60.0
17,168,20.0
17,174,86.0
17,37,83.0
17,196,25.0
17,182,82.0
17,29,58.0
17,104,64.0
18,177,35.0
18,20,0.0
18,87,43.0
18,104,5.0
18,233,40.0
18,158,52.0
18,143,68.0
18,219,13.0
18,135,80.0
18,171,85.0
18,12,64.0
18,95,88.0
18,250,95.0
18,28,19.0
18,162,5.0
18,71,70.0
18,220,40.0
18,212,32.0
18,130,86.0
18,136,18.0
18,15,45.0
18,21,32.0
18,40,85.0
18,96,5.0
18,204,98.0
18,18,66.0
18,11,33.0
18,227,37.0
18,4,33.0
18,47,40.0
18,196,33.0
18,7,3.0
18,101,5.0
18,226,16.0
18,72,33.0
18,10,34.0
18,157,78.0
18,131,29.0
18,66,32.0
18,75,74.0
18,111,44.0
18,235,72.0
18,133,24.0
18,156,38.0
18,248,59.0
18,161,23.0
18,39,54.0
18,61,92.0
18,23,9.0
18,91,48.0
18,38,99.0
18,24,41.0
18,175,69.0
18,165,92.0
18,76,99.0
18,134,70.0
18,217,19.0
18,213,18.0
18,209,87.0
18,67,3.0
18,81,38.0
18,185,51.0
18,82,14.0
18,31,55.0
18,34,90.0
18,228,21.0
18,151,55.0
18,214,34.0
18,9,69.0
18,199,7.0
18,84,86.0
18,27,55.0
18,98,67.0
18,150,35.0
18,167,99.0
18,109,42.0
18,93,30.0
18,238,35.0
18,68,28.0
18,54,75.0
19,114,70.0
19,20,10.0
19,8,69.0
19,55,3.0
19,197,47.0
19,102,69.0
19,84,25.0
19,188,85.0
19,246,33.0
19,132,81.0
19,81,53.0
19,63,73.0
19,54,51.0
19,103,50.0
19,226,43.0
19,187,8.0
19,47,9.0
19,157,20.0
19,183,78.0
19,249,45.0
19,158,19.0
19,82,58.0
19,53,37.0
19,230,17.0
19,128,79.0
19,120,77.0
19,141,31.0
19,215,17.0
19,31,84.0
19,208,12.0
19,204,33.0
19,243,41.0
19,21,49.0
19,24,12.0
19,80,34.0
19,239,97.0
19,48,43.0
19,39,43.0
19,93,71.0
19,178,38.0
19,227,4.0
19,109,42.0
19,113,97.0
19,105,37.0
19,94,68.0
19,207,48.0
19,148,68.0
19,3,70.0
19,58,72.0
19,248,43.0
19,237,63.0
19,159,21.0
19,111,18.0
19,118,67.0
19,241,51.0
19,218,27.0
19,4,15.0
19,56,83.0
19,117,1.0
19,185,66.0
19,203,76.0
19,42,74.0
19,62,57.0
19,28,8.0
19,186,67.0
19,170,55.0
19,79,96.0
19,152,77.0
19,224,15.0
19,149,17.0
19,212,85.0
19,162,78.0
19,217,90.0
19,72,33.0
19,196,37.0
19,177,46.0
19,161,99.0
19,137,57.0
19,144,28.0
19,66,62.0
19,172,69.0
19,209,50.0
20,95,67.0
20,109,64.0
20,151,24.0
20,76,43.0
20,98,72.0
20,230,43.0
20,163,38.0
20,44,36.0
20,237,37.0
20,165,97.0
20,3,44.0
20,233,48.0
20,178,62.0
20,229,27.0
20,71,41.0
20,182,14.0
20,162,55.0
20,217,69.0
20,235,67.0
20,128,83.0
20,114,65.0
20,1,71.0
20,225,26.0
20,166,52.0
20,181,11.0
20,83,17.0
20,84,95.0
20,238,4.0
20,62,24.0
20,202,6.0
20,27,74.0
20,172,36.0
20,184,29.0
20,54,76.0
20,191,13.0
20,196,68.0
20,60,13.0
20,125,94.0
20,134,27.0
20,142,33.0
20,7,12.0
20,183,89.0
20,101,35.0
20,78,38.0
20,82,54.0
20,232,58.0
20,104,44.0
20,208,66.0
20,57,14.0
20,176,49.0
20,187,12.0
20,246,59.0
20,88,89.0
20,214,50.0
20,32,5.0
20,248,96.0
20,161,88.0
20,164,85.0
20,159,68.0
20,136,13.0
20,11,37.0
20,119,91.0
20,99,69.0
20,20,42.0
20,64,93.0
20,243,12.0
20,97,87.0
20,6,6.0
20,96,95.0
21,56,55.0
21,25,52.0
21,6,77.0
21,188,56.0
21,94,73.0
21,199,98.0
21,16,73.0
21,55,6.0
21,99,80.0
21,130,71.0
21,20,41.0
21,14,89.0
21,100,3.0
21,168,62.0
21,126,45.0
21,166,32.0
21,149,20.0
21,221,35.0
21,137,86.0
21,76,87.0
21,43,56.0
21,7,98.0
21,210,54.0
21,235,41.0
21,223,84.0
21,162,1.0
21,81,88.0
21,147,39.0
21,222,5.0
21,45,91.0
21,164,80.0
21,30,84.0
21,121,11.0
21,163,64.0
21,128,88.0
21,60,14.0
21,196,61.0
21,161,41.0
21,189,40.0
21,182,35.0
21,127,33.0
21,41,21.0
21,34,75.0
21,248,79.0
21,53,78.0
21,123,77.0
21,24,33.0
21,193,44.0
21,236,77.0
21,226,25.0
21,237,80.0
21,178,7.0
21,241,65.0
21,231,23.0
21,18,42.0
21,42,97.0
21,150,47.0
21,103,4.0
21,136,12.0
21,132,56.0
21,114,49.0
21,15,58.0
21,29,12.0
21,101,36.0
21,5,92.0
21,242,55.0
21,49,13.0
21,201,53.0
21,32,6.0
21,35,77.0
21,98,4.0
21,197,26.0
21,8,82.0
21,187,6.0
21,74,58.0
21,229,52.0
21,62,44.0
21,152,71.0
21,58,10.0
21,109,79.0
21,47,53.0
21,115,33.0
21,57,29.0
21,26,98.0
21,9,96.0
21,106,45.0
21,243,8.0
21,154,65.0
21,116,64.0
21,185,52.0
22,116,52.0
22,108,51.0
22,71,22.0
22,76,25.0
22,211,47.0
22,47,39.0
22,22,17.0
22,67,8.0
22,42,21.0
22,202,43.0
22,139,78.0
22,81,20.0
22,7,95.0
22,199,32.0
22,109,60.0
22,32,38.0
22,83,89.0
22,82,69.0
22,19,65.0
22,123,22.0
22,31,53.0
22,170,50.0
22,246,22.0
22,245,80.0
22,160,70.0
22,181,1.0
22,218,9.0
22,90,80.0
22,5,52.0
22,154,27.0
22,6,96.0
22,115,89.0
22,138,60.0
22,36,76.0
22,101,66.0
22,48,38.0
22,228,17.0
22,212,21.0
22,91,52.0
22,112,20.0
22,20,6.0
22,65,37.0
22,129,92.0
22,104,24.0
22,190,61.0
22,8,77.0
22,161,84.0
22,165,18.0
22,210,19.0
22,214,18.0
22,107,63.0
22,27,52.0
22,187,12.0
22,221,21.0
22,12,14.0
22,30,35.0
22,197,86.0
22,133,82.0
22,92,67.0
22,230,93.0
22,134,1.0
22,53,48.0
22,89,60.0
22,43,26.0
22,189,29.0
22,219,55.0
22,87,29.0
22,58,21.0
22,172,42.0
22,118,30.0
22,131,45.0
22,232,29.0
22,163,25.0
22,159,40.0
22,4,24.0
22,38,42.0
22,182,55.0
22,40,8.0
22,61,25.0
22,26,36.0
22,74,59.0
23,16,2.0
23,195,74.0
23,185,93.0
23,160,12.0
23,190,14.0
23,174,43.0
23,230,47.0
23,250,48.0
23,177,76.0
23,150,93.0
23,101,12.0
23,207,20.0
23,146,70.0
23,209,70.0
23,40,20.0
23,196,77.0
23,127,42.0
23,192,95.0
23,7,59.0
23,136,93.0
23,32,7.0
23,43,71.0
23,166,27.0
23,148,42.0
23,12,53.0
23,217,66.0
23,73,48.0
23,19,41.0
23,188,69.0
23,216,28.0
23,141,89.0
23,134,78.0
23,35,59.0
23,218,5.0
23,76,34.0
23,236,83.0
23,72,15.0
23,203,65.0
23,77,22.0
23,139,71.0
23,108,21.0
23,31,18.0
23,104,78.0
23,201,72.0
23,103,46.0
23,229,45.0
23,158,61.0
23,88,54.0
23,51,5.0
23,41,34.0
23,100,34.0
23,111,78.0
23,25,39.0
23,239,96.0
23,142,11.0
23,238,51.0
23,21,33.0
23,82,21.0
23,232,72.0
23,170,90.0
23,234,82.0
23,133,82.0
23,89,59.0
23,220,76.0
23,75,71.0
23,95,74.0
23,200,78.0
23,156,99.0
23,53,66.0
23,214,76.0
23,85,66.0
23,4,5.0
23,20,14.0
23,61,0.0
23,30,47.0
23,87,41.0
23,126,29.0
23,11,74.0
23,119,58.0
23,123,9.0
23,219,19.0
23,205,41.0
23,237,92.0
23,173,94.0
23,169,63.0
23,121,64.0
23,113,45.0
23,110,91.0
23,165,34.0
23,225,40.0
23,3,97.0
23,42,58.0
23,94,22.0
23,99,83.0
24,74,96.0
24,133,34.0
24,97,21.0
24,87,34.0
24,91,6.0
24,248,7.0
24,62,3.0
24,206,93.0
24,34,68.0
24,129,74.0
24,156,19.0
24,118,97.0
24,22,55.0
24,44,48.0
24,4,14.0
24,127,18.0
24,106,53.0
24,201,86.0
24,126,28.0
24,123,85.0
24,194,62.0
24,78,76.0
24,137,36.0
24,114,4.0
24,197,61.0
24,103,6.0
24,224,96.0
24,16,3.0
24,100,60.0
24,26,76.0
24,27,48.0
24,88,2.0
24,21,35.0
24,105,75.0
24,179,21.0
24,210,96.0
24,124,37.0
24,242,62.0
24,48,77.0
24,168,83.0
24,231,58.0
24,249,94.0
24,153,94.0
24,112,50.0
24,167,13.0
24,9,28.0
24,115,91.0
24,96,56.0
24,107,25.0
24,235,66.0
24,61,37.0
24,150,17.0
24,134,41.0
24,17,30.0
24,92,84.0
24,157,97.0
24,186,45.0
24,237,65.0
24,28,31.0
24,130,98.0
24,230,34.0
24,245,43.0
24,120,92.0
24,20,35.0
24,160,17.0
24,119,42.0
24,145,70.0
24,33,78.0
24,211,12.0
24,104,38.0
24,205,54.0
24,7,91.0
24,2,15.0
24,174,8.0
24,151,91.0
24,233,56.0
24,171,3.0
24,45,2.0
24,3,72.0
24,86,33.0
24,144,44.0
24,220,31.0
24,101,68.0
24,185,0.0
24,80,46.0
24,58,99.0
24,1,53.0
24,198,93.0
25,221,1.0
25,3,65.0
25,204,20.0
25,44,15.0
25,234,34.0
25,245,94.0
25,235,63.0
25,195,63.0
25,164,58.0
25,103,7.0
25,214,70.0
25,151,41.0
25,125,58.0
25,58,77.0
25,198,67.0
25,86,76.0
25,106,31.0
25,157,62.0
25,63,64.0
25,236,64.0
25,28,52.0
25,99,19.0
25,185,78.0
25,1,66.0
25,108,34.0
25,121,56.0
25,67,82.0
25,90,91.0
25,180,13.0
25,70,92.0
25,19,54.0
25,16,61.0
25,145,18.0
25,166,40.0
25,6,8.0
25,223,21.0
25,111,79.0
25,216,95.0
25,156,40.0
25,126,90.0
25,91,5.0
25,48,4.0
25,206,75.0
25,11,83.0
25,69,81.0
25,57,14.0
25,244,70.0
25,241,14.0
25,210,25.0
25,168,75.0
25,163,88.0
25,208,73.0
25,133,62.0
25,169,98.0
25,225,60.0
25,73,71.0
25,159,50.0
25,85,61.0
25,61,30.0
25,248,87.0
25,59,79.0
25,192,21.0
25,197,79.0
25,62,10.0
25,46,2.0
25,144,85.0
25,203,77.0
25,215,21.0
26,71,36.0
26,44,38.0
26,142,72.0
26,192,54.0
26,82,74.0
26,154,11.0
26,64,70.0
26,178,35.0
26,119,32.0
26,184,90.0
26,94,23.0
26,181,39.0
26,11,25.0
26,4,69.0
26,34,31.0
26,3,7.0
26,139,7.0
26,176,81.0
26,52,68.0
26,229,23.0
26,84,90.0
26,62,52.0
26,238,16.0
26,207,67.0
26,239,52.0
26,152,87.0
26,66,90.0
26,22,76.0
26,16,76.0
26,126,43.0
26,97,88.0
26,190,21.0
26,96,52.0
26,118,69.0
26,246,18.0
26,217,14.0
26,47,46.0
26,53,89.0
26,67,63.0
26,105,6.0
26,92,46.0
26,129,98.0
26,191,82.0
26,221,93.0
26,173,70.0
26,124,99.0
26,17,0.0
26,249,66.0
26,170,92.0
26,250,13.0
26,242,19.0
26,235,31.0
26,193,21.0
26,149,46.0
26,227,39.0
26,213,9.0
26,78,10.0
26,182,8.0
26,45,95.0
26,125,48.0
26,163,5.0
26,102,25.0
26,220,12.0
26,65,66.0
26,133,18.0
26,87,15.0
26,24,90.0
26,248,68.0
26,31,63.0
26,206,74.0
26,61,15.0
26,223,31.0
26,169,47.0
26,70,97.0
26,233,92.0
26,60,73.0
27,66,97.0
27,227,66.0
27,92,77.0
27,217,53.0
27,22,28.0
27,199,68.0
27,113,62.0
27,51,35.0
27,49,5.0
27,72,3.0
27,143,39.0
27,234,44.0
27,250,35.0
27,164,51.0
27,161,89.0
27,177,31.0
27,165,58.0
27,167,5.0
27,37,40.0
27,240,90.0
27,89,63.0
27,216,73.0
27,73,27.0
27,85,32.0
27,101,82.0
27,120,91.0
27,202,21.0
27,117,5.0
27,127,51.0
27,233,43.0
27,131,82.0
27,116,18.0
27,74,76.0
27,138,95.0
27,14,75.0
27,123,88.0
27,65,16.0
27,218,56.0
27,8,84.0
27,179,13.0
27,241,46.0
27,139,8.0
27,215,20.0
27,204,79.0
27,145,60.0
27,151,36.0
27,47,48.0
27,239,65.0
27,1,75.0
27,236,65.0
27,61,29.0
27,169,94.0
27,102,80.0
27,197,55.0
27,57,59.0
27,180,94.0
27,214,62.0
27,50,90.0
27,170,4.0
27,196,86.0
27,228,73.0
27,42,15.0
27,129,4.0
27,140,84.0
27,194,25.0
27,55,16.0
27,168,64.0
27,178,6.0
27,146,14.0
27,244,1.0
27,3,29.0
27,11,49.0
27,12,34.0
27,230,32.0
27,21,82.0
27,71,64.0
27,175,49.0
27,97,78.0
27,195,52.0
27,125,91.0
27,147,33.0
27,53,52.0
27,68,62.0
27,134,86.0
27,76,54.0
27,246,7.0
27,242,48.0
27,158,67.0
27,19,6.0
27,207,43.0
28,149,78.0
28,14,56.0
28,151,56.0
28,248,44.0
28,142,24.0
28,41,62.0
28,136,1.0
28,235,2.0
28,203,84.0
28,11,47.0
28,18,89.0
28,168,27.0
28,33,70.0
28,232,72.0
28,112,27.0
28,100,79.0
28,193,68.0
28,39,57.0
28,84,78.0
28,130,0.0
28,75,10.0
28,189,51.0
28,167,67.0
28,47,73.0
28,97,52.0
28,77,54.0
28,57,73.0
28,44,21.0
28,220,10.0
28,199,83.0
28,187,13.0
28,19,57.0
28,1,18.0
28,69,1.0
28,192,78.0
28,103,53.0
28,165,87.0
28,157,39.0
28,156,66.0
28,22,92.0
28,65,90.0
28,82,47.0
28,214,66.0
28,122,11.0
28,88,22.0
28,78,18.0
28,236,42.0
28,238,57.0
28,42,30.0
28,166,33.0
28,38,65.0
28,148,70.0
28,196,45.0
28,76,68.0
28,208,62.0
28,36,36.0
28,200,26.0
28,116,18.0
28,245,46.0
28,85,82.0
28,104,48.0
28,94,77.0
28,91,12.0
28,146,25.0
28,153,93.0
28,101,89.0
28,188,27.0
28,48,77.0
28,183,78.0
28,127,60.0
28,143,8.0
28,134,67.0
28,129,69.0
28,105,24.0
28,175,55.0
28,80,60.0
28,207,66.0
28,13,27.0
28,58,53.0
28,7,91.0
28,217,82.0
28,218,90.0
28,178,40.0
28,43,8.0
28,172,2.0
28,17,27.0
28,53,11.0
28,20,49.0
28,35,27.0
28,29,86.0
28,229,28.0
28,30,97.0
28,64,18.0
28,54,46.0
28,66,14.0
28,70,89.0
29,87,1.0
29,250,21.0
29,171,83.0
29,65,72.0
29,153,39.0
29,31,30.0
29,112,80.0
29,86,17.0
29,44,64.0
29,172,64.0
29,90,25.0
29,50,15.0
29,175,74.0
29,140,89.0
29,229,83.0
29,188,24.0
29,190,2.0
29,117,29.0
29,148,43.0
29,126,73.0
29,82,36.0
29,96,42.0
29,53,1.0
29,106,46.0
29,231,46.0
29,170,13.0
29,137,39.0
29,100,17.0
29,5,91.0
29,107,38.0
29,99,82.0
29,244,40.0
29,58,16.0
29,76,32.0
29,248,10.0
29,159,57.0
29,6,51.0
29,16,7.0
29,26,49.0
29,245,67.0
29,54,37.0
29,214,42.0
29,125,73.0
29,191,95.0
29,200,55.0
29,36,97.0
29,206,18.0
29,39,84.0
29,222,24.0
29,52,39.0
29,49,92.0
29,225,77.0
29,189,16.0
29,147,96.0
29,71,79.0
29,97,42.0
29,133,36.0
29,89,14.0
29,182,59.0
29,3,24.0
29,155,47.0
29,193,40.0
29,1,24.0
29,32,43.0
29,162,13.0
29,61,81.0
29,196,77.0
29,110,84.0
29,201,57.0
29,228,65.0
29,131,97.0
29,37,60.0
29,166,46.0
29,18,64.0
29,240,7.0
29,129,75.0
29,124,19.0
29,29,89.0
29,17,58.0
29,150,0.0
29,197,38.0
29,163,10.0
29,203,48.0
29,180,54.0
29,85,76.0
29,194,86.0
29,94,35.0
30,23,44.0
30,26,34.0
30,65,83.0
30,152,63.0
30,175,21.0
30,182,24.0
30,173,82.0
30,210,18.0
30,104,94.0
30,203,8.0
30,132,64.0
30,213,30.0
30,153,82.0
30,42,65.0
30,79,29.0
30,241,85.0
30,156,18.0
30,54,17.0
30,106,27.0
30,140,60.0
30,19,88.0
30,147,48.0
30,163,35.0
30,246,2.0
30,50,85.0
30,139,51.0
30,187,22.0
30,221,97.0
30,158,79.0
30,22,34.0
30,114,78.0
30,85,66.0
30,55,63.0
30,142,67.0
30,240,11.0
30,129,3.0
30,12,12.0
30,91,86.0
30,160,0.0
30,119,10.0
30,39,60.0
30,215,0.0
30,110,61.0
30,36,71.0
30,157,89.0
30,189,53.0
30,138,85.0
30,195,88.0
30,191,61.0
30,130,72.0
30,167,19.0
30,33,25.0
30,108,49.0
30,229,18.0
30,170,64.0
30,43,15.0
30,66,29.0
30,20,86.0
30,184,54.0
30,171,88.0
30,122,11.0
30,178,15.0
30,53,26.0
30,13,30.0
30,75,68.0
30,232,86.0
30,60,75.0
30,88,9.0
30,128,91.0
30,40,73.0
30,155,0.0
30,197,71.0
30,198,8.0
30,239,96.0
30,136,72.0
30,131,83.0
30,21,69.0
30,100,23.0
30,80,74.0
30,224,67.0
30,107,30.0
30,145,63.0
30,192,41.0
30,141,96.0
31,49,7.0
31,237,47.0
31,101,41.0
31,17,75.0
31,139,44.0
31,238,71.0
31,236,97.0
31,202,49.0
31,217,1.0
31,85,1.0
31,216,99.0
31,92,80.0
31,199,39.0
31,191,52.0
31,187,21.0
31,40,60.0
31,93,19.0
31,130,21.0
31,8,34.0
31,182,81.0
31,248,85.0
31,64,99.0
31,220,50.0
31,114,47.0
31,239,49.0
31,51,31.0
31,3,25.0
31,79,18.0
31,43,25.0
31,214,68.0
31,190,55.0
31,67,35.0
31,227,8.0
31,84,85.0
31,211,97.0
31,86,77.0
31,83,86.0
31,162,62.0
31,87,38.0
31,54,12.0
31,163,96.0
31,119,92.0
31,62,87.0
31,136,62.0
31,70,47.0
31,152,15.0
31,5,17.0
31,122,34.0
31,208,98.0
31,193,17.0
31,250,64.0
31,143,72.0
31,166,57.0
31,48,33.0
31,109,69.0
31,230,24.0
31,42,74.0
31,249,78.0
31,203,83.0
31,228,23.0
31,94,7.0
31,120,82.0
31,72,86.0
31,233,48.0
31,95,22.0
31,169,12.0
31,226,96.0
31,148,38.0
31,113,63.0
31,20,73.0
31,55,84.0
31,206,33.0
31,66,35.0
31,78,54.0
31,111,24.0
31,29,42.0
31,185,70.0
32,12,33.0
32,238,31.0
32,44,64.0
32,244,84.0
32,195,5.0
32,101,93.0
32,38,31.0
32,57,31.0
32,199,38.0
32,155,26.0
32,98,40.0
32,78,15.0
32,72,67.0
32,39,12.0
32,14,83.0
32,159,54.0
32,200,98.0
32,173,72.0
32,165,87.0
32,202,29.0
32,162,94.0
32,128,93.0
32,222,89.0
32,94,30.0
32,196,61.0
32,13,50.0
32,62,92.0
32,87,13.0
32,99,48.0
32,25,80.0
32,201,86.0
32,148,48.0
32,121,75.0
32,26,18.0
32,66,26.0
32,209,41.0
32,8,47.0
32,211,22.0
32,37,97.0
32,133,35.0
32,176,16.0
32,226,54.0
32,217,25.0
32,4,8.0
32,11,85.0
32,53,98.0
32,144,91.0
32,41,46.0
32,100,82.0
32,9,13.0
32,181,5.0
32,224,22.0
32,111,38.0
32,109,81.0
32,178,22.0
32,225,42.0
32,191,19.0
32,158,29.0
32,58,10.0
32,198,80.0
32,232,81.0
32,73,7.0
32,22,86.0
32,107,10.0
32,190,6.0
32,246,8.0
33,138,85.0
33,52,46.0
33,188,54.0
33,236,4.0
33,50,26.0
33,147,40.0
33,72,17.0
33,84,54.0
33,126,47.0
33,87,28.0
33,167,27.0
33,6,0.0
33,81,26.0
33,5,40.0
33,23,75.0
33,31,36.0
33,226,73.0
33,114,23.0
33,217,90.0
33,145,58.0
33,2,45.0
33,181,47.0
33,61,70.0
33,172,11.0
33,194,9.0
33,246,35.0
33,131,15.0
33,109,21.0
33,182,74.0
33,239,17.0
33,8,56.0
33,208,14.0
33,244,8.0
33,190,73.0
33,80,64.0
33,152,54.0
33,156,59.0
33,161,75.0
33,60,43.0
33,20,64.0
33,118,23.0
33,27,10.0
33,104,55.0
33,58,48.0
33,93,42.0
33,76,86.0
33,1,47.0
33,238,57.0
33,133,97.0
33,199,66.0
33,42,91.0
33,166,47.0
33,213,4.0
33,74,52.0
33,22,60.0
33,160,14.0
33,175,57.0
33,178,30.0
33,41,48.0
33,13,0.0
33,163,38.0
33,232,89.0
33,110,51.0
33,44,36.0
33,35,6.0
33,54,26.0
33,99,48.0
33,123,58.0
33,100,91.0
33,102,64.0
33,32,75.0
33,187,8.0
33,153,39.0
33,14,31.0
33,205,91.0
33,198,35.0
33,113,47.0
33,15,9.0
33,141,87.0
33,53,24.0
33,17,41.0
33,155,24.0
33,70,14.0
33,28,66.0
33,73,66.0
33,179,66.0
33,39,25.0
33,67,61.0
33,18,15.0
33,231,6.0
33,202,0.0
33,240,14.0
33,162,2.0
33,207,63.0
33,21,72.0
33,111,52.0
33,16,42.0
34,171,16.0
34,189,22.0
34,24,53.0
34,108,67.0
34,16,35.0
34,229,10.0
34,233,21.0
34,184,96.0
34,30,4.0
34,109,57.0
34,100,37.0
34,214,3.0
34,67,63.0
34,79,65.0
34,38,67.0
34,1,10.0
34,230,85.0
34,84,68.0
34,175,69.0
34,179,22.0
34,76,64.0
34,102,26.0
34,99,55.0
34,148,18.0
34,96,1.0
34,97,63.0
34,182,88.0
34,123,14.0
34,165,62.0
34,218,91.0
34,139,71.0
34,174,91.0
34,235,73.0
34,40,95.0
34,130,11.0
34,52,46.0
34,125,64.0
34,63,11.0
34,157,12.0
34,20,63.0
34,172,76.0
34,35,21.0
34,217,43.0
34,114,10.0
34,32,51.0
34,50,89.0
34,12,23.0
34,47,17.0
34,209,79.0
34,231,9.0
34,22,23.0
34,122,71.0
34,176,93.0
34,23,76.0
34,103,18.0
34,93,59.0
34,15,99.0
34,246,49.0
34,181,3.0
34,211,8.0
34,64,19.0
34,58,42.0
34,56,45.0
34,202,28.0
34,94,87.0
34,66,15.0
34,241,78.0
34,244,46.0
34,135,22.0
34,245,3.0
34,134,47.0
34,154,95.0
34,74,95.0
34,4,92.0
34,88,94.0
34,161,86.0
34,53,90.0
34,162,82.0
34,226,74.0
34,158,79.0
34,195,70.0
34,3,57.0
34,119,27.0
34,87,85.0
34,205,25.0
34,143,53.0
34,145,62.0
34,240,36.0
34,160,21.0
34,178,69.0
34,81,34.0
34,185,42.0
34,232,73.0
34,237,56.0
34,95,86.0
34,138,38.0
34,61,74.0
34,19,36.0
34,155,29.0
35,51,88.0
35,217,72.0
35,44,20.0
35,20,95.0
35,80,38.0
35,161,43.0
35,198,7.0
35,18,2.0
35,134,48.0
35,41,91.0
35,186,19.0
35,207,22.0
35,220,64.0
35,100,9.0
35,111,99.0
35,157,3.0
35,56,56.0
35,237,3.0
35,91,35.0
35,143,40.0
35,82,66.0
35,62,45.0
35,67,96.0
35,244,97.0
35,154,75.0
35,109,43.0
35,206,28.0
35,146,69.0
35,2,46.0
35,241,37.0
35,138,90.0
35,196,9.0
35,231,55.0
35,211,52.0
35,115,59.0
35,159,75.0
35,141,67.0
35,78,68.0
35,219,62.0
35,160,88.0
35,167,42.0
35,74,42.0
35,179,64.0
35,136,42.0
35,202,29.0
35,92,30.0
35,63,70.0
35,243,79.0
35,175,30.0
35,24,13.0
35,122,58.0
35,194,29.0
35,26,86.0
35,93,84.0
35,126,92.0
35,5,98.0
35,98,11.0
35,188,63.0
35,34,23.0
35,105,33.0
35,162,25.0
35,73,4.0
35,120,82.0
35,108,69.0
35,94,83.0
35,14,56.0
35,169,0.0
35,23,29.0
35,208,56.0
35,127,89.0
35,216,37.0
35,37,48.0
35,181,48.0
35,226,9.0
35,172,52.0
35,174,10.0
35,139,77.0
35,210,50.0
35,137,3.0
35,110,32.0
35,84,40.0
35,27,34.0
35,49,40.0
36,27,83.0
36,146,5.0
36,83,64.0
36,202,13.0
36,170,31.0
36,200,30.0
36,205,0.0
36,65,44.0
36,114,5.0
36,196,85.0
36,179,16.0
36,160,27.0
36,28,36.0
36,122,1.0
36,194,81.0
36,85,74.0
36,20,4.0
36,241,50.0
36,234,87.0
36,87,74.0
36,188,60.0
36,84,0.0
36,105,50.0
36,1,9.0
36,180,22.0
36,45,87.0
36,50,78.0
36,245,13.0
36,214,44.0
36,35,67.0
36,162,54.0
36,24,40.0
36,66,35.0
36,208,42.0
36,10,53.0
36,115,61.0
36,89,68.0
36,184,22.0
36,231,61.0
36,95,17.0
36,90,18.0
36,92,68.0
36,33,49.0
36,107,38.0
36,152,46.0
36,230,46.0
36,223,36.0
36,54,48.0
36,57,20.0
36,215,39.0
36,70,81.0
36,216,15.0
36,38,14.0
36,219,94.0
36,154,87.0
36,183,74.0
36,164,44.0
36,176,4.0
36,209,79.0
36,26,30.0
36,222,43.0
36,145,44.0
36,173,41.0
36,7,55.0
36,203,31.0
36,74,22.0
36,227,96.0
36,153,63.0
36,150,44.0
36,172,72.0
36,204,18.0
36,166,36.0
36,213,93.0
36,182,87.0
36,142,2.0
36,60,27.0
36,103,65.0
36,116,58.0
36,25,52.0
36,14,16.0
36,210,71.0
36,6,7.0
36,147,63.0
36,211,95.0
36,67,13.0
36,159,81.0
36,190,76.0
36,109,28.0
36,124,3.0
36,228,52.0
36,229,63.0
36,102,27.0
36,161,72.0
37,35,75.0
37,140,86.0
37,237,38.0
37,182,69.0
37,67,90.0
37,148,53.0
37,213,58.0
37,115,23.0
37,2,16.0
37,244,48.0
37,105,34.0
37,51,43.0
37,227,62.0
37,235,48.0
37,133,44.0
37,193,7.0
37,126,3.0
37,236,26.0
37,194,88.0
37,78,36.0
37,101,52.0
37,136,82.0
37,129,6.0
37,55,47.0
37,92,43.0
37,185,15.0
37,222,67.0
37,173,73.0
37,27,0.0
37,228,81.0
37,41,84.0
37,117,82.0
37,202,59.0
37,112,6.0
37,25,58.0
37,23,81.0
37,198,16.0
37,243,17.0
37,201,22.0
37,59,54.0
37,84,17.0
37,191,34.0
37,179,20.0
37,149,93.0
37,130,66.0
37,221,30.0
37,189,34.0
37,5,95.0
37,113,21.0
37,206,53.0
37,14,93.0
37,142,54.0
37,229,58.0
37,207,69.0
37,224,77.0
37,6,9.0
37,80,74.0
37,160,85.0
37,63,31.0
37,24,83.0
37,167,2.0
37,108,80.0
37,132,66.0
37,128,21.0
37,246,48.0
37,66,70.0
37,223,41.0
37,99,78.0
37,196,5.0
37,107,79.0
37,205,77.0
37,42,49.0
37,8,86.0
38,231,32.0
38,208,42.0
38,154,65.0
38,238,61.0
38,34,65.0
38,207,50.0
38,185,57.0
38,94,57.0
38,13,6.0
38,119,88.0
38,11,87.0
38,109,30.0
38,168,4.0
38,115,81.0
38,123,53.0
38,172,13.0
38,198,39.0
38,147,55.0
38,226,23.0
38,19,74.0
38,27,57.0
38,175,76.0
38,36,75.0
38,216,33.0
38,199,54.0
38,52,38.0
38,56,15.0
38,22,8.0
38,235,88.0
38,65,37.0
38,62,96.0
38,9,25.0
38,81,97.0
38,33,23.0
38,45,73.0
38,46,15.0
38,91,88.0
38,131,26.0
38,67,2.0
38,93,84.0
38,43,18.0
38,173,69.0
38,229,6.0
38,73,72.0
38,4,30.0
38,80,47.0
38,120,26.0
38,233,54.0
38,99,4.0
38,63,24.0
38,8,63.0
38,243,42.0
38,191,25.0
38,108,16.0
38,95,73.0
38,146,88.0
38,188,87.0
38,85,64.0
38,71,88.0
38,97,19.0
38,179,21.0
38,237,78.0
38,75,67.0
38,1,10.0
38,47,3.0
38,218,24.0
38,244,21.0
38,10,45.0
38,117,7.0
38,24,38.0
38,112,78.0
38,180,78.0
38,37,27.0
38,215,65.0
38,176,81.0
38,156,53.0
38,51,99.0
38,100,27.0
38,70,48.0
38,102,87.0
38,137,95.0
38,153,19.0
38,140,16.0
39,89,11.0
39,210,15.0
39,47,91.0
39,225,31.0
39,125,73.0
39,167,74.0
39,120,61.0
39,69,23.0
39,101,92.0
39,114,14.0
39,199,55.0
39,229,32.0
39,246,97.0
39,247,1.0
39,55,15.0
39,180,86.0
39,153,38.0
39,76,3.0
39,175,51.0
39,236,92.0
39,148,88.0
39,214,4.0
39,83,43.0
39,232,38.0
39,65,53.0
39,228,77.0
39,84,29.0
39,165,43.0
39,94,5.0
39,23,19.0
39,43,24.0
39,41,81.0
39,218,21.0
39,193,45.0
39,241,13.0
39,32,70.0
39,128,14.0
39,27,99.0
39,63,4.0
39,79,64.0
39,209,8.0
39,72,99.0
39,122,56.0
39,156,19.0
39,205,50.0
39,54,61.0
39,106,79.0
39,81,70.0
39,3,90.0
39,187,47.0
39,10,56.0
39,29,79.0
39,107,36.0
39,226,4.0
39,109,39.0
39,161,75.0
39,158,22.0
39,245,37.0
39,45,23.0
39,42,55.0
39,216,24.0
39,9,94.0
39,73,49.0
39,6,36.0
39,234,48.0
39,2,25.0
39,68,18.0
39,164,31.0
39,39,93.0
39,103,8.0
39,97,41.0
39,129,86.0
39,141,98.0
39,162,2.0
39,186,93.0
39,51,51.0
39,179,55.0
39,110,98.0
39,71,40.0
39,13,78.0
39,86,34.0
39,222,4.0
39,116,10.0
39,219,29.0
39,224,82.0
39,64,44.0
39,206,72.0
39,80,76.0
39,177,54.0
39,123,17.0
39,184,13.0
39,157,27.0
39,144,73.0
39,93,48.0
40,50,10.0
40,69,26.0
40,84,57.0
40,9,72.0
40,130,41.0
40,32,85.0
40,232,53.0
40,107,94.0
40,178,58.0
40,17,98.0
40,123,86.0
40,31,50.0
40,129,96.0
40,233,65.0
40,159,9.0
40,149,6.0
40,179,59.0
40,114,91.0
40,28,94.0
40,239,68.0
40,37,19.0
40,247,51.0
40,223,93.0
40,132,71.0
40,244,30.0
40,200,48.0
40,231,71.0
40,195,81.0
40,153,81.0
40,34,17.0
40,242,74.0
40,133,79.0
40,55,23.0
40,246,1.0
40,174,69.0
40,134,31.0
40,248,78.0
40,173,98.0
40,108,87.0
40,1,9.0
40,117,68.0
40,250,44.0
40,70,61.0
40,54,89.0
40,189,85.0
40,202,28.0
40,139,68.0
40,147,41.0
40,216,63.0
40,4,30.0
40,79,73.0
40,40,67.0
40,157,57.0
40,63,67.0
40,93,9.0
40,234,47.0
40,46,84.0
40,76,44.0
40,215,0.0
40,81,33.0
40,78,18.0
40,122,68.0
40,208,51.0
40,126,35.0
40,245,73.0
40,238,49.0
40,204,99.0
40,101,95.0
40,120,81.0
40,90,33.0
40,228,65.0
40,217,14.0
40,18,60.0
40,14,30.0
40,240,61.0
40,237,18.0
40,26,41.0
40,199,68.0
41,60,88.0
41,111,12.0
41,150,50.0
41,110,8.0
41,248,82.0
41,80,43.0
41,230,61.0
41,12,83.0
41,10,83.0
41,223,42.0
41,241,80.0
41,186,78.0
41,27,14.0
41,207,54.0
41,99,21.0
41,177,34.0
41,214,20.0
41,83,13.0
41,120,58.0
41,188,41.0
41,174,66.0
41,98,29.0
41,95,39.0
41,85,56.0
41,175,11.0
41,233,41.0
41,227,32.0
41,108,77.0
41,238,57.0
41,203,45.0
41,191,79.0
41,148,90.0
41,48,93.0
41,64,32.0
41,183,13.0
41,86,77.0
41,199,81.0
41,61,52.0
41,46,92.0
41,118,15.0
41,166,22.0
41,112,55.0
41,30,98.0
41,211,85.0
41,128,32.0
41,1,46.0
41,54,31.0
41,65,65.0
41,57,43.0
41,66,0.0
41,24,85.0
41,140,43.0
41,242,74.0
41,70,88.0
41,135,33.0
41,41,96.0
41,133,34.0
41,173,51.0
41,145,6.0
41,158,74.0
41,146,55.0
41,18,94.0
41,63,61.0
41,236,8.0
41,226,21.0
41,52,76.0
41,69,37.0
41,90,12.0
41,9,6.0
41,79,80.0
41,159,72.0
41,164,5.0
41,239,78.0
41,56,92.0
41,153,83.0
41,117,93.0
41,231,61.0
41,222,62.0
41,141,61.0
41,11,92.0
41,232,48.0
41,189,26.0
41,119,65.0
41,6,71.0
41,235,45.0
41,114,85.0
41,221,57.0
41,31,27.0
41,190,9.0
41,109,46.0
41,75,96.0
41,197,83.0
41,167,25.0
41,72,11.0
41,213,30.0
41,250,8.0
42,36,92.0
42,111,8.0
42,65,82.0
42,25,72.0
42,150,11.0
42,41,3.0
42,44,79.0
42,92,79.0
42,71,23.0
42,30,8.0
42,21,35.0
42,82,38.0
42,124,71.0
42,157,49.0
42,46,99.0
42,99,64.0
42,4,12.0
42,243,64.0
42,132,86.0
42,50,99.0
42,204,55.0
42,182,25.0
42,215,67.0
42,107,72.0
42,88,83.0
42,16,83.0
42,26,64.0
42,113,0.0
42,79,47.0
42,11,21.0
42,220,79.0
42,90,6.0
42,14,51.0
42,77,43.0
42,96,67.0
42,212,87.0
42,127,52.0
42,240,3.0
42,184,13.0
42,137,82.0
42,23,41.0
42,202,4.0
42,54,59.0
42,37,43.0
42,58,92.0
42,179,82.0
42,187,75.0
42,163,78.0
42,193,3.0
42,197,12.0
42,48,54.0
42,211,83.0
42,87,14.0
42,40,77.0
42,32,98.0
42,133,69.0
42,236,69.0
42,42,70.0
42,19,27.0
42,175,2.0
42,250,83.0
42,165,23.0
42,209,24.0
42,112,33.0
42,217,40.0
42,49,75.0
42,237,60.0
42,168,63.0
42,72,34.0
42,123,50.0
43,80,31.0
43,175,23.0
43,122,9.0
43,239,73.0
43,135,61.0
43,137,89.0
43,200,21.0
43,31,64.0
43,190,11.0
43,161,42.0
43,202,99.0
43,209,8.0
43,88,80.0
43,26,30.0
43,157,14.0
43,159,14.0
43,37,7.0
43,126,43.0
43,134,78.0
43,28,10.0
43,233,26.0
43,103,90.0
43,113,18.0
43,147,64.0
43,158,69.0
43,127,5.0
43,39,29.0
43,243,21.0
43,168,44.0
43,109,70.0
43,35,0.0
43,152,61.0
43,71,9.0
43,98,29.0
43,143,57.0
43,85,69.0
43,22,3.0
43,18,15.0
43,235,11.0
43,23,59.0
43,6,3.0
43,19,86.0
43,238,38.0
43,154,20.0
43,12,69.0
43,20,16.0
43,63,91.0
43,185,77.0
43,65,11.0
43,220,5.0
43,187,43.0
43,247,27.0
43,15,84.0
43,131,51.0
43,229,66.0
43,115,59.0
43,237,50.0
43,224,81.0
43,54,91.0
43,87,55.0
43,232,76.0
43,133,5.0
43,46,52.0
43,123,16.0
43,8,12.0
43,228,62.0
43,1,25.0
43,136,29.0
43,219,61.0
43,41,50.0
43,149,84.0
44,13,26.0
44,31,74.0
44,70,82.0
44,55,70.0
44,29,30.0
44,46,94.0
44,248,71.0
44,172,5.0
44,176,37.0
44,178,91.0
44,132,47.0
44,118,87.0
44,22,73.0
44,208,94.0
44,154,79.0
44,146,35.0
44,200,32.0
44,51,26.0
44,95,10.0
44,152,69.0
44,245,82.0
44,130,99.0
44,124,13.0
44,203,4.0
44,4,91.0
44,222,55.0
44,198,20.0
44,171,98.0
44,35,54.0
44,157,67.0
44,235,15.0
44,250,47.0
44,128,58.0
44,88,59.0
44,209,1.0
44,42,74.0
44,237,18.0
44,182,82.0
44,18,17.0
44,217,72.0
44,86,65.0
44,129,9.0
44,53,22.0
44,163,11.0
44,75,84.0
44,89,26.0
44,199,52.0
44,239,26.0
44,127,96.0
44,190,65.0
44,149,29.0
44,231,60.0
44,44,73.0
44,210,98.0
44,104,57.0
44,97,6.0
44,83,81.0
44,204,59.0
44,65,15.0
44,141,32.0
44,164,33.0
44,84,7.0
44,162,58.0
44,115,45.0
44,91,97.0
44,74,66.0
44,153,83.0
44,243,74.0
44,193,23.0
44,77,85.0
44,249,62.0
44,108,53.0
44,27,20.0
44,229,78.0
44,25,71.0
44,180,50.0
44,60,60.0
44,216,42.0
44,15,3.0
44,10,36.0
44,139,5.0
44,32,57.0
44,64,82.0
44,71,10.0
44,155,27.0
44,1,23.0
44,218,34.0
44,140,73.0
44,135,36.0
45,225,58.0
45,23,61.0
45,75,47.0
45,158,40.0
45,162,28.0
45,197,73.0
45,245,38.0
45,164,8.0
45,37,18.0
45,79,30.0
45,249,48.0
45,149,49.0
45,31,39.0
45,180,69.0
45,203,55.0
45,211,88.0
45,151,17.0
45,73,81.0
45,9,44.0
45,51,96.0
45,39,4.0
45,55,96.0
45,40,92.0
45,171,84.0
45,94,78.0
45,239,63.0
45,100,71.0
45,50,24.0
45,238,48.0
45,187,22.0
45,137,54.0
45,85,88.0
45,88,6.0
45,70,40.0
45,20,56.0
45,12,22.0
45,157,50.0
45,21,15.0
45,181,7.0
45,13,7.0
45,156,90.0
45,91,97.0
45,142,96.0
45,16,3.0
45,105,67.0
45,132,95.0
45,133,70.0
45,2,91.0
45,71,12.0
45,69,34.0
45,32,76.0
45,28,24.0
45,6,6.0
45,87,13.0
45,200,80.0
45,89,97.0
45,95,77.0
45,66,24.0
45,1,77.0
45,195,57.0
45,176,13.0
45,61,96.0
45,208,38.0
45,131,79.0
45,230,87.0
45,42,38.0
45,82,36.0
45,191,51.0
45,136,26.0
45,138,91.0
45,236,36.0
45,103,7.0
45,109,76.0
45,198,24.0
45,49,56.0
45,159,14.0
45,190,45.0
45,228,15.0
45,231,74.0
45,207,59.0
45,86,61.0
45,107,69.0
45,168,60.0
45,145,36.0
45,65,79.0
45,185,29.0
45,36,80.0
45,125,1.0
45,212,57.0
45,111,72.0
45,53,83.0
45,35,97.0
45,92,68.0
45,7,62.0
45,52,12.0
45,152,21.0
45,167,14.0
45,183,75.0
46,70,66.0
46,66,47.0
46,89,35.0
46,122,51.0
46,83,37.0
46,9,44.0
46,126,87.0
46,49,57.0
46,78,68.0
46,235,95.0
46,138,33.0
46,249,22.0
46,137,98.0
46,159,81.0
46,118,99.0
46,150,99.0
46,241,1.0
46,177,29.0
46,7,4.0
46,243,88.0
46,203,39.0
46,236,19.0
46,224,99.0
46,210,24.0
46,5,19.0
46,84,73.0
46,51,80.0
46,123,31.0
46,136,7.0
46,216,4.0
46,41,89.0
46,65,5.0
46,242,43.0
46,28,29.0
46,196,68.0
46,166,86.0
46,248,5.0
46,80,33.0
46,18,40.0
46,22,55.0
46,21,20.0
46,117,73.0
46,173,41.0
46,99,18.0
46,124,60.0
46,164,11.0
46,128,51.0
46,207,73.0
46,140,0.0
46,191,71.0
46,214,62.0
46,35,19.0
46,208,25.0
46,134,39.0
46,226,21.0
46,179,24.0
46,109,14.0
46,44,73.0
46,234,89.0
46,63,11.0
46,13,76.0
46,169,41.0
46,218,98.0
46,27,26.0
46,69,58.0
46,223,73.0
46,42,27.0
46,178,33.0
46,157,74.0
46,40,7.0
46,97,14.0
47,144,55.0
47,166,12.0
47,51,64.0
47,241,90.0
47,119,31.0
47,170,66.0
47,99,16.0
47,49,34.0
47,230,4.0
47,205,42.0
47,124,33.0
47,192,13.0
47,107,9.0
47,136,12.0
47,1,23.0
47,244,34.0
47,59,5.0
47,142,57.0
47,186,27.0
47,214,82.0
47,110,2.0
47,60,0.0
47,185,57.0
47,238,10.0
47,95,5.0
47,13,22.0
47,79,20.0
47,197,91.0
47,243,74.0
47,50,77.0
47,148,32.0
47,145,4.0
47,189,58.0
47,89,92.0
47,209,99.0
47,222,30.0
47,184,36.0
47,68,40.0
47,81,52.0
47,204,4.0
47,80,21.0
47,100,48.0
47,16,40.0
47,122,21.0
47,152,75.0
47,63,93.0
47,76,45.0
47,174,30.0
47,162,54.0
47,159,52.0
47,175,81.0
47,143,11.0
47,6,51.0
47,46,71.0
47,127,40.0
47,21,80.0
47,7,51.0
47,33,64.0
47,123,96.0
47,172,47.0
47,97,55.0
47,9,49.0
47,15,78.0
47,115,78.0
47,221,17.0
47,11,43.0
47,19,20.0
48,26,16.0
48,2,3.0
48,225,24.0
48,139,6.0
48,174,20.0
48,150,40.0
48,7,15.0
48,81,21.0
48,170,1.0
48,58,26.0
48,110,52.0
48,83,55.0
48,191,99.0
48,204,5.0
48,211,31.0
48,123,76.0
48,120,89.0
48,143,19.0
48,44,92.0
48,1,89.0
48,63,69.0
48,53,72.0
48,10,13.0
48,52,26.0
48,141,26.0
48,169,11.0
48,98,65.0
48,192,80.0
48,132,86.0
48,148,41.0
48,23,34.0
48,228,76.0
48,231,56.0
48,79,54.0
48,93,50.0
48,209,98.0
48,89,86.0
48,157,73.0
48,90,83.0
48,56,78.0
48,179,61.0
48,31,80.0
48,156,64.0
48,219,34.0
48,236,25.0
48,218,83.0
48,103,29.0
48,114,30.0
48,202,89.0
48,65,94.0
48,9,78.0
48,210,54.0
48,138,51.0
48,232,60.0
48,173,71.0
48,48,41.0
48,166,79.0
48,85,83.0
48,190,43.0
48,244,94.0
48,195,69.0
48,223,6.0
48,41,26.0
48,96,85.0
48,125,57.0
48,70,4.0
48,137,97.0
48,35,21.0
48,246,53.0
48,159,82.0
48,165,19.0
49,54,9.0
49,161,73.0
49,23,25.0
49,15,86.0
49,147,18.0
49,159,1.0
49,217,80.0
49,243,32.0
49,102,60.0
49,45,24.0
49,242,95.0
49,228,73.0
49,154,97.0
49,115,23.0
49,118,65.0
49,56,68.0
49,237,63.0
49,167,92.0
49,25,55.0
49,70,69.0
49,7,63.0
49,69,31.0
49,95,0.0
49,128,77.0
49,213,35.0
49,113,62.0
49,166,90.0
49,68,76.0
49,122,46.0
49,189,18.0
49,120,87.0
49,49,80.0
49,105,44.0
49,203,33.0
49,20,36.0
49,153,93.0
49,47,45.0
49,98,48.0
49,165,93.0
49,73,62.0
49,193,18.0
49,250,43.0
49,221,38.0
49,198,60.0
49,205,73.0
49,172,84.0
49,11,86.0
49,235,46.0
49,35,26.0
49,129,81.0
49,92,45.0
49,185,47.0
49,132,19.0
49,208,37.0
49,77,13.0
49,3,92.0
49,231,92.0
49,111,35.0
49,155,25.0
49,31,40.0
49,211,4.0
49,48,38.0
49,21,0.0
49,249,37.0
